COUNTRY,ISO3,WHO_REGION,DATA_SOURCE,DATE_UPDATED,TOTAL_VACCINATIONS,PERSONS_VACCINATED_1PLUS_DOSE,TOTAL_VACCINATIONS_PER100,PERSONS_VACCINATED_1PLUS_DOSE_PER100,PERSONS_LAST_DOSE,PERSONS_LAST_DOSE_PER100,VACCINES_USED,FIRST_VACCINE_DATE,NUMBER_VACCINES_TYPES_USED,PERSONS_BOOSTER_ADD_DOSE,PERSONS_BOOSTER_ADD_DOSE_PER100
Albania,ALB,EURO,REPORTING,5/14/2023,3080679,1348396,107,47.234,1277987,44.768,,1/13/2021,6,399190,13.984
Chile,CHL,AMRO,REPORTING,6/2/2023,66273384,18106832,346.687,94.72,17716364,92.677,,12/21/2020,5,15766986,82.48
Congo,COG,AFRO,REPORTING,7/31/2022,833210,695760,15.1,12.609,654119,11.854,,3/23/2021,4,,
Côte d’Ivoire,CIV,AFRO,REPORTING,2/19/2023,25263932,13568372,95.776,51.438,12164304,46.115,,3/1/2021,5,3138712,11.899
Denmark,DNK,EURO,REPORTING,6/11/2023,14986863,4767119,257.4,81.164,4731911,80.565,,12/16/2020,5,3634971,61.888
Greenland,GRL,EURO,OWID,3/14/2022,79738,41227,140.453,72.619,38511,67.834,,,1,,
Guernsey,GGY,EURO,OWID,12/19/2022,178525,54223,276.92,84.108,52710,81.761,,,3,69339,107.556
Guinea,GIN,AFRO,REPORTING,4/2/2023,10645240,7679918,81.058,58.479,4725982,35.986,,3/5/2021,6,302545,2.304
Guinea-Bissau,GNB,AFRO,REPORTING,6/4/2023,825234,733271,41.933,37.26,533741,27.121,,4/2/2021,2,48801,2.48
Guyana,GUY,AMRO,REPORTING,6/2/2023,960133,495285,122.069,62.969,381984,48.564,,2/11/2021,7,77874,9.901
Hungary,HUN,EURO,REPORTING,6/11/2023,16570212,6358579,169.6,65.627,6151942,63.494,,12/23/2020,8,3868612,39.928
Japan,JPN,WPRO,REPORTING,9/5/2023,407284261,104737006,322.024,82.811,103417721,81.768,,2/17/2021,4,86588627,68.462
Kyrgyzstan,KGZ,EURO,REPORTING,5/14/2023,3132083,1516221,48,23.227,1332740,20.417,,3/31/2021,6,283122,4.337
Mauritius,MUS,AFRO,REPORTING,7/30/2023,2616012,1123773,205.699,88.363,1088142,85.561,,1/26/2021,3,654507,51.464
Mongolia,MNG,WPRO,REPORTING,3/17/2023,5668144,2284018,172.899,69.671,2185282,66.659,,2/23/2021,6,1058839,32.299
North Macedonia,MKD,EURO,REPORTING,5/7/2023,1862987,854570,89.4,40.629,838181,39.85,,2/17/2021,7,161633,7.685
Seychelles,SYC,AFRO,REPORTING,4/9/2023,224558,88520,228.332,90.008,83565,84.97,,1/10/2021,4,44936,45.691
Trinidad and Tobago,TTO,AMRO,REPORTING,6/2/2023,1589640,754399,113.587,53.905,718969,51.374,,2/17/2021,5,174836,12.493
Turkmenistan,TKM,EURO,REPORTING,2/5/2023,13040514,3359468,216.2,52.973,3358426,52.957,,2/24/2021,7,3171535,50.01
Uganda,UGA,AFRO,REPORTING,5/28/2023,26406936,20033189,57.731,43.797,13061126,28.555,,3/10/2021,5,764664,1.672
Ukraine,UKR,EURO,REPORTING,2/27/2022,31668577,15774300,72.4,36.237,15153577,34.811,,2/24/2021,6,741197,1.703
Yemen,YEM,EMRO,REPORTING,9/17/2023,1287688,1041596,4.317,3.492,798451,2.677,,4/20/2021,11,66565,0.223
American Samoa,ASM,WPRO,REPORTING,3/29/2023,114706,46206,207.812,83.711,42479,76.959,,12/21/2020,3,24160,43.77
Austria,AUT,EURO,REPORTING,6/11/2023,20402999,6899834,229.2,76.953,6682310,74.422,,12/30/2020,10,5405808,60.205
Bangladesh,BGD,SEARO,REPORTING,6/25/2023,360177584,151379833,218.701,91.918,141208849,85.743,,1/27/2021,8,67588902,41.04
Brunei Darussalam,BRN,WPRO,REPORTING,6/30/2023,1293100,451149,295.58,103.125,446714,102.111,,4/3/2021,5,340466,77.825
Bulgaria,BGR,EURO,REPORTING,6/11/2023,4618004,2108377,66.4,30.829,2080169,30.417,,12/30/2020,4,832572,12.174
Central African Republic,CAF,AFRO,REPORTING,9/3/2023,3342248,2600389,69.201,53.841,2484985,51.451,,3/19/2021,2,366221,7.583
Cuba,CUB,AMRO,REPORTING,6/2/2023,38105906,10749013,336.428,94.9,10016328,88.432,,,3,8742146,77.182
Curaçao,CUW,AMRO,REPORTING,6/2/2023,260324,108601,158.644,66.183,100885,61.48,,2/24/2021,3,43138,26.289
Ecuador,ECU,AMRO,REPORTING,2/24/2023,39495110,15329151,223.856,86.885,14233323,80.674,,1/20/2021,4,7708466,43.691
Estonia,EST,EURO,REPORTING,6/11/2023,2204676,845120,165.9,63.457,842153,63.234,,12/23/2020,9,487291,36.589
Ethiopia,ETH,AFRO,REPORTING,5/28/2023,68856793,52489512,59.894,45.658,43653006,37.971,,3/13/2021,4,5978070,5.2
Fiji,FJI,WPRO,REPORTING,6/29/2023,1547226,712025,172.596,79.428,641194,71.526,,3/7/2021,3,172078,19.196
Gambia,GMB,AFRO,REPORTING,3/19/2023,1444492,674314,59.772,27.903,539186,22.311,,3/10/2021,2,53741,2.224
Guadeloupe,GLP,AMRO,REPORTING,6/2/2023,400129,152113,100.001,38.016,146098,36.513,,1/8/2021,7,89009,22.245
Honduras,HND,AMRO,REPORTING,6/2/2023,16901540,6485671,170.643,65.481,5751048,58.064,,2/22/2021,6,4665196,47.101
Ireland,IRL,EURO,REPORTING,6/11/2023,12386942,4108479,249.5,83.893,4062803,80.292,,12/30/2020,5,3057548,60.426
Jordan,JOR,EMRO,REPORTING,8/21/2022,10057975,4821579,98.577,47.256,4558313,44.676,,1/13/2021,10,682211,6.686
Libya,LBY,EMRO,REPORTING,1/16/2023,3739158,2316327,54.417,33.71,1236102,17.989,,4/11/2021,10,186729,2.718
Lithuania,LTU,EURO,REPORTING,6/11/2023,4532385,1956467,162.2,69.878,1907044,67.963,,12/23/2020,5,902046,32.147
Malawi,MWI,AFRO,REPORTING,7/2/2023,8359717,5368688,43.7,28.064,4223762,22.079,,3/11/2021,2,1154619,6.036
Maldives,MDV,SEARO,REPORTING,5/25/2023,951764,399308,176.075,73.872,385167,71.255,,2/1/2021,8,167289,30.948
Malta,MLT,EURO,REPORTING,6/11/2023,1280143,450522,248.8,86.477,444900,85.398,,12/23/2020,4,352633,67.688
Netherlands,NLD,EURO,REPORTING,9/11/2022,36105753,12776868,207.4,72.634,11957152,67.974,,1/6/2021,6,9417108,53.535
Niger,NER,AFRO,REPORTING,7/30/2023,7372208,6248483,30.455,25.813,5483001,22.651,,3/29/2021,2,,
Romania,ROU,EURO,REPORTING,6/11/2023,16110560,8187976,83.3,42.999,8142177,42.758,,1/27/2021,4,1768737,9.288
Saint Vincent and the Grenadines,VCT,AMRO,REPORTING,6/2/2023,73443,37532,66.201,33.831,31632,28.513,,2/1/2021,5,4279,3.857
Slovakia,SVK,EURO,REPORTING,6/11/2023,7221055,2839404,132.3,52.246,2791174,51.358,,12/23/2020,7,1686230,31.027
Andorra,AND,EURO,REPORTING,5/21/2023,157059,57912,203.3,73.275,53500,67.692,,1/20/2021,4,43068,54.493
Anguilla,AIA,AMRO,REPORTING,6/2/2023,24611,10854,164.051,72.35,10380,69.191,,2/5/2021,2,3046,20.304
Bahamas,BHS,AMRO,REPORTING,6/2/2023,366359,174810,93.163,44.453,166972,42.46,,3/14/2021,4,33717,8.574
Barbados,BRB,AMRO,REPORTING,6/2/2023,381721,163846,132.83,57.015,155036,53.949,,1/8/2021,5,62839,21.867
Belarus,BLR,EURO,REPORTING,5/14/2023,21997703,6439812,232.8,67.234,6355081,66.35,,2/3/2021,5,5713720,59.654
Belize,BLZ,AMRO,REPORTING,6/2/2023,510770,258456,128.454,64.999,221408,55.682,,3/1/2021,5,50238,12.634
Benin,BEN,AFRO,REPORTING,12/18/2022,4232541,3697190,34.913,30.497,2742837,22.625,,3/29/2021,5,,
Bermuda,BMU,AMRO,REPORTING,6/2/2023,132042,48554,212.037,77.97,47657,76.529,,1/11/2021,3,31829,51.112
Bolivia (Plurinational State of),BOL,AMRO,REPORTING,6/2/2023,16016290,7492606,137.208,64.187,6295624,53.933,,1/30/2021,7,2487668,21.311
"Bonaire, Sint Eustatius and Saba",BES,AMRO,OWID,9/1/2021,35845,19109,137.934,73.533,16736,64.401,,,2,,
Botswana,BWA,AFRO,REPORTING,5/7/2023,3171667,1951054,134.871,82.966,1663490,70.738,,3/26/2021,6,507654,21.587
Cambodia,KHM,WPRO,REPORTING,9/7/2023,47601597,15307310,284.716,91.557,14683075,87.823,,2/10/2021,7,10746738,64.279
Cameroon,CMR,AFRO,REPORTING,9/17/2023,4842306,3727930,18.241,14.043,3173644,11.955,,4/12/2021,4,792556,2.986
Canada,CAN,AMRO,REPORTING,6/2/2023,97596974,32645232,258.589,86.495,31311576,82.962,,12/14/2020,6,19776324,52.399
Chad,TCD,AFRO,REPORTING,9/10/2023,8971575,5067129,54.619,30.848,4939822,30.073,,6/4/2021,1,4042573,24.611
Croatia,HRV,EURO,REPORTING,6/11/2023,5432701,2320124,133.9,60.107,2246534,58.166,,12/23/2020,6,994415,25.747
French Polynesia,PYF,WPRO,REPORTING,5/1/2023,480028,190908,170.884,67.961,186803,66.5,,1/18/2021,2,102317,36.424
Georgia,GEO,EURO,REPORTING,4/16/2023,2738178,1300473,68.6,34.606,1186709,31.578,,3/17/2021,4,250996,6.679
Grenada,GRD,AMRO,REPORTING,6/2/2023,90686,44241,80.593,39.317,39034,34.69,,2/15/2021,5,7411,6.586
Indonesia,IDN,SEARO,REPORTING,6/6/2023,447595845,203845350,163.641,74.526,174893201,63.941,,1/13/2021,7,68857294,25.174
Iran (Islamic Republic of),IRN,EMRO,REPORTING,8/15/2023,155445801,65194977,185.07,77.62,58582625,69.747,,2/9/2021,12,28576234,34.022
Kenya,KEN,AFRO,REPORTING,4/2/2023,23750431,14494372,44.169,26.956,11090440,20.625,,3/5/2021,5,2000636,3.721
Kosovo,XKX,EURO,REPORTING,1/15/2023,1836901,904558,,50.758,824752,46.279,,3/31/2021,2,105624,5.927
Liberia,LBR,AFRO,REPORTING,12/11/2022,4460668,3903802,88.196,77.186,3730967,73.768,,4/1/2021,1,1987,0.039
Madagascar,MDG,AFRO,REPORTING,7/30/2023,3092063,2710365,11.166,9.788,2628849,9.494,,5/10/2021,3,169187,0.611
Mauritania,MRT,AFRO,REPORTING,8/20/2023,4075704,2103721,87.656,45.245,1540533,33.132,,3/26/2021,2,383885,8.256
Nepal,NPL,SEARO,REPORTING,6/20/2023,62086946,27804935,213.088,95.429,24389063,83.705,,1/27/2021,8,9892948,33.953
Algeria,DZA,AFRO,REPORTING,9/4/2022,15267442,7840131,34.817,17.879,6481186,14.78,,1/30/2021,4,575651,1.313
Angola,AGO,AFRO,REPORTING,9/17/2023,27309449,16406741,83.093,49.92,9472763,28.822,,3/10/2021,1,2816195,8.569
Armenia,ARM,EURO,REPORTING,6/4/2023,2158796,1122646,72.9,40.224,996804,35.715,,1/27/2021,10,45446,1.628
Aruba,ABW,AMRO,REPORTING,6/2/2023,216974,90449,203.224,84.717,84297,78.955,,2/17/2021,2,35659,33.399
Brazil,BRA,AMRO,REPORTING,6/2/2023,513329718,188746389,241.499,88.797,171459392,80.664,,1/17/2021,5,110382337,51.93
Burkina Faso,BFA,AFRO,REPORTING,7/23/2023,7893609,6089089,37.763,29.13,5232347,25.031,,6/2/2021,3,4056,0.019
Costa Rica,CRI,AMRO,REPORTING,6/2/2023,13371989,4641899,262.499,91.123,4358863,85.567,,12/24/2020,3,2957974,58.066
Dominica,DMA,AMRO,REPORTING,6/2/2023,67647,32995,93.966,45.832,30659,42.587,,2/12/2021,5,3993,5.547
Finland,FIN,EURO,REPORTING,6/11/2023,13262633,4547390,240,81.961,4364869,78.671,,12/23/2020,5,3088223,55.661
French Guiana,GUF,AMRO,REPORTING,6/2/2023,242193,100299,81.087,33.581,90464,30.288,,1/13/2021,3,46331,15.512
Gabon,GAB,AFRO,REPORTING,2/5/2023,572672,311244,25.73,13.984,257471,11.568,,3/23/2021,3,2592,0.116
Haiti,HTI,AMRO,REPORTING,6/2/2023,664150,521396,5.825,4.573,350403,3.073,,,2,,
Iceland,ISL,EURO,REPORTING,4/16/2023,869976,307269,238.9,81.685,297921,79.182,,12/30/2020,5,254556,67.656
Jersey,JEY,EURO,OWID,1/29/2023,266953,84365,247.646,78.264,81882,75.96,,,3,73662,68.335
Lebanon,LBN,EMRO,REPORTING,12/22/2022,5814699,2740227,85.192,40.147,2414223,35.371,,2/14/2021,10,660249,9.673
Malaysia,MYS,WPRO,REPORTING,8/27/2023,72505914,28088328,224.019,86.783,27502952,84.975,,2/24/2021,8,16309483,50.391
Marshall Islands,MHL,WPRO,REPORTING,3/24/2023,110742,47077,187.083,79.53,40689,68.738,,12/29/2020,3,18559,31.353
Myanmar,MMR,SEARO,REPORTING,5/2/2023,89454913,40354937,164.41,74.169,35196377,64.688,,1/27/2021,2,13903599,25.553
Oman,OMN,EMRO,REPORTING,10/25/2022,7086050,3257365,138.762,63.787,3048826,59.703,,12/29/2020,11,779859,15.272
Pakistan,PAK,EMRO,REPORTING,9/10/2023,339998524,165567890,153.92,74.954,140475871,63.595,,2/3/2021,11,52176755,23.621
Republic of Moldova,MDA,EURO,REPORTING,6/11/2023,2288948,1108879,,36.22,1078505,35.228,,3/3/2021,7,402985,13.163
Saint Kitts and Nevis,KNA,AMRO,REPORTING,6/2/2023,64297,33794,120.877,63.532,27000,50.76,,2/22/2021,3,3465,6.514
Slovenia,SVN,EURO,REPORTING,6/4/2023,3006861,1222336,143.5,58.008,1192059,56.571,,12/23/2020,8,649891,30.842
Somalia,SOM,EMRO,REPORTING,7/25/2023,10555834,8972167,66.417,56.453,7666835,48.24,,3/16/2021,11,28134,0.177
Togo,TGO,AFRO,REPORTING,9/3/2023,3412326,2251640,41.218,27.198,1554066,18.772,,3/10/2021,1,427804,5.168
Tokelau,TKL,WPRO,REPORTING,12/5/2022,6342,2203,469.778,163.185,2203,163.185,,7/20/2021,1,968,71.704
Tunisia,TUN,EMRO,REPORTING,6/20/2023,13253317,7218871,112.139,61.08,6401841,54.167,,3/13/2021,10,1258577,10.649
Vanuatu,VUT,WPRO,REPORTING,2/20/2023,355430,176624,115.721,57.505,162250,52.825,,6/2/2021,3,16556,5.39
Zambia,ZMB,AFRO,REPORTING,6/25/2023,13615707,11711565,74.063,63.705,9155551,49.802,,4/14/2021,3,1414619,7.695
Zimbabwe,ZWE,AFRO,REPORTING,9/17/2023,13935112,7491102,93.758,50.401,5649830,38.013,,2/18/2021,4,2283828,15.366
Solomon Islands,SLB,WPRO,REPORTING,7/4/2023,612700,335796,89.2,48.887,254016,36.981,,3/23/2021,4,27896,4.061
Sudan,SDN,EMRO,REPORTING,4/2/2023,22598737,15207452,51.537,34.681,13416394,30.597,,3/9/2021,11,3891363,8.874
Tonga,TON,WPRO,REPORTING,6/30/2023,204737,87375,193.705,82.667,77390,73.22,,4/14/2021,2,38588,36.509
United Republic of Tanzania,TZA,AFRO,REPORTING,3/12/2023,39392419,34434933,65.946,57.647,32165791,53.848,,7/28/2021,3,,
Uruguay,URY,AMRO,REPORTING,6/2/2023,9023199,3009801,259.755,86.645,2902437,83.554,,2/27/2021,3,2079949,59.877
Venezuela (Bolivarian Republic of),VEN,AMRO,REPORTING,6/2/2023,37860994,22157232,133.145,77.92,14287370,50.244,,2/22/2021,6,651502,2.291
Argentina,ARG,AMRO,REPORTING,10/7/2022,109652736,41324100,242.617,91.434,37840119,83.725,,12/29/2020,7,30810184,68.17
Australia,AUS,WPRO,REPORTING,8/3/2023,68480571,22209605,268.552,87.097,21619793,84.784,,2/21/2021,5,14407326,56.5
Bahrain,BHR,EMRO,REPORTING,12/21/2022,3476633,1241174,204.319,72.943,1226796,72.098,,11/4/2020,11,1008663,59.278
British Virgin Islands,VGB,AMRO,REPORTING,6/2/2023,41453,19466,137.094,64.378,18261,60.393,,2/11/2021,3,3726,12.323
Egypt,EGY,EMRO,REPORTING,5/21/2023,112673535,56907319,110.103,55.609,42337175,41.371,,1/24/2021,10,15217352,14.87
El Salvador,SLV,AMRO,REPORTING,6/2/2023,11426688,4656627,176.169,71.793,4393762,67.74,,2/17/2021,6,1898202,29.265
Eswatini,SWZ,AFRO,REPORTING,6/4/2023,870205,526050,75.007,45.343,427335,36.834,,3/19/2021,3,179450,15.468
Greece,GRC,EURO,REPORTING,6/11/2023,21983798,7916555,205.1,75.686,7744795,74.044,,12/23/2020,7,5902253,56.428
Guam,GUM,WPRO,REPORTING,1/31/2023,352698,135612,208.975,80.351,128788,76.308,,1/4/2021,3,83603,49.535
India,IND,SEARO,REPORTING,6/27/2023,2206737729,1025823823,159.908,74.335,952120865,68.994,,1/16/2021,8,228793041,16.579
Latvia,LVA,EURO,REPORTING,6/11/2023,2979616,1344368,156.2,71.677,1304768,69.56,,12/30/2020,9,550859,29.367
Lesotho,LSO,AFRO,REPORTING,3/19/2023,1339097,1014073,62.509,47.337,938088,43.79,,3/10/2021,3,177816,8.3
Luxembourg,LUX,EURO,REPORTING,6/11/2023,1337797,469270,213.7,72.71,462702,71.693,,12/30/2020,8,368484,57.094
Montserrat,MSR,AMRO,REPORTING,6/2/2023,4619,2104,92.398,42.088,1952,39.048,,2/8/2021,2,563,11.262
Namibia,NAM,AFRO,REPORTING,9/10/2023,1005582,629473,39.576,24.774,550656,21.672,,3/19/2021,4,298560,11.75
Papua New Guinea,PNG,WPRO,REPORTING,9/3/2023,537372,393802,6.006,4.401,332608,3.718,,3/30/2021,4,36623,0.409
Portugal,PRT,EURO,REPORTING,6/11/2023,27777341,9788002,269.8,94.714,8902934,86.002,,12/23/2020,12,7054573,68.147
Qatar,QAT,EMRO,REPORTING,5/7/2023,7609178,2852178,264.111,98.998,2852178,98.998,,,10,1904822,66.115
Saudi Arabia,SAU,EMRO,REPORTING,4/25/2023,68534631,27041364,196.86,77.674,25433941,73.057,,1/6/2021,10,16059326,46.129
Senegal,SEN,AFRO,REPORTING,9/10/2023,3152562,2684696,18.828,16.034,1503332,8.978,,2/23/2021,3,815965,4.873
Sint Maarten,SXM,AMRO,REPORTING,6/2/2023,66829,29788,155.844,69.465,26773,62.434,,2/22/2021,3,9146,21.328
South Africa,ZAF,AFRO,REPORTING,6/4/2023,38882146,24210953,65.559,40.822,21038797,35.473,,2/17/2021,2,4410601,7.437
Sri Lanka,LKA,SEARO,REPORTING,10/30/2022,40116590,17143761,187.345,80.061,14752827,68.896,,1/29/2021,6,8220002,38.387
United Arab Emirates,ARE,EMRO,REPORTING,7/6/2022,24922054,9991089,251.982,101.018,9792266,99.008,,,11,5138699,51.956
United States of America,USA,AMRO,REPORTING,6/2/2023,668882018,267321711,202.078,80.761,227948938,68.866,,12/14/2020,4,116629517,35.235
Uzbekistan,UZB,EURO,REPORTING,6/11/2023,79381802,22077238,237.2,64.778,18318860,53.75,,4/28/2021,9,16000801,46.949
Wallis and Futuna,WLF,WPRO,REPORTING,1/23/2023,17303,7150,153.859,63.578,6803,60.493,,3/19/2021,1,3350,29.788
Antigua and Barbuda,ATG,AMRO,REPORTING,6/2/2023,136512,64290,139.399,65.65,62384,63.703,,3/1/2021,6,9838,10.046
Bonaire,XAA,AMRO,REPORTING,6/2/2023,43070,17460,205.929,83.481,16189,77.404,,,,8125,38.848
Colombia,COL,AMRO,REPORTING,6/2/2023,90506612,43012174,177.872,84.532,37019801,72.755,,2/17/2021,5,14792792,29.072
Comoros,COM,AFRO,REPORTING,10/2/2022,835021,438825,96.023,50.463,397080,45.662,,4/10/2021,3,,
Cyprus,CYP,EURO,REPORTING,6/11/2023,1858908,669218,209.3,73.978,656129,72.524,,12/23/2020,5,487380,53.872
Democratic Republic of the Congo,COD,AFRO,REPORTING,6/4/2023,18808671,17045721,21.001,19.032,14399520,16.078,,4/19/2021,1,,
Equatorial Guinea,GNQ,AFRO,REPORTING,7/24/2022,488738,270109,34.836,19.252,214032,15.255,,2/12/2021,2,4597,0.328
Eritrea,ERI,AFRO,REPORTING,7/3/2022,,0,,0,0,0,,,,,
Ghana,GHA,AFRO,REPORTING,7/2/2023,25624828,13864186,82.467,44.618,10780003,34.693,,3/2/2021,2,4806017,15.467
Iraq,IRQ,EMRO,REPORTING,1/2/2023,19557364,11332925,48.623,28.176,7944775,19.752,,3/2/2021,10,275280,0.684
Isle of Man,IMN,EURO,OWID,6/23/2022,189994,69560,223.438,81.804,67106,78.919,,,3,53328,62.715
Jamaica,JAM,AMRO,REPORTING,6/2/2023,1525895,858035,51.53,28.976,758800,25.625,,3/10/2021,6,45995,1.553
Liechtenstein,LIE,OTHER,REPORTING,4/10/2022,71104,26681,183.5,68.86,26346,67.995,,1/6/2021,3,18310,47.255
Mali,MLI,AFRO,REPORTING,5/14/2023,5922585,4354292,29.246,21.502,3633589,17.943,,3/31/2021,1,,
Martinique,MTQ,AMRO,REPORTING,6/2/2023,401816,150795,107.075,40.184,145536,38.782,,,2,92919,24.761
Mexico,MEX,AMRO,REPORTING,6/2/2023,222226293,96727823,172.358,75.022,81346379,63.092,,12/24/2020,8,57014052,44.22
Monaco,MCO,EURO,REPORTING,12/4/2022,71027,25319,181,69.015,24933,67.963,,6/30/2021,7,17806,48.536
Montenegro,MNE,EURO,REPORTING,12/4/2022,523735,272152,83.4,43.346,251583,40.07,,2/24/2021,5,0,0
Morocco,MAR,EMRO,REPORTING,5/14/2023,55389602,25020168,150.064,67.786,23521989,63.727,,1/28/2021,10,6884356,18.651
Mozambique,MOZ,AFRO,REPORTING,7/2/2023,34950858,22869646,111.823,73.17,21329745,68.243,,3/8/2021,3,2323562,7.434
Northern Mariana Islands (Commonwealth of the),MNP,WPRO,REPORTING,5/30/2023,123536,46824,214.632,81.352,45953,79.839,,12/19/2020,3,26121,45.383
Norway,NOR,EURO,REPORTING,6/11/2023,12336663,4347197,229.8,80.129,4062204,74.876,,12/23/2020,4,3020810,55.68
Panama,PAN,AMRO,REPORTING,6/2/2023,8901881,3533579,206.312,81.895,3174229,73.567,,1/20/2021,2,1769698,41.015
Peru,PER,AMRO,REPORTING,6/2/2023,89593907,30487563,271.728,92.465,28654963,86.907,,2/9/2021,4,22143074,67.158
Poland,POL,EURO,REPORTING,6/11/2023,58223243,22983299,153.4,61.038,22704578,60.298,,12/23/2020,5,12532074,33.282
Puerto Rico,PRI,AMRO,REPORTING,6/2/2023,7846764,2905470,274.281,101.56,2688410,93.972,,,4,1808780,63.225
Sao Tome and Principe,STP,AFRO,REPORTING,7/30/2023,263863,140256,120.398,63.997,111986,51.098,,3/15/2021,2,34624,15.799
Suriname,SUR,AMRO,REPORTING,6/2/2023,554588,267820,94.538,45.654,237879,40.55,,2/23/2021,5,48889,8.334
New Caledonia,NCL,WPRO,REPORTING,4/3/2023,480497,192371,168.301,67.381,184801,64.729,,1/20/2021,2,103325,36.191
Nigeria,NGA,AFRO,REPORTING,9/17/2023,130894625,92261510,63.498,44.757,79729922,38.678,,3/5/2021,1,16297695,7.906
Niue,NIU,WPRO,REPORTING,3/4/2023,4923,1638,304.265,101.236,1635,101.051,,6/8/2021,1,1225,75.711
occupied Palestinian territory,PSE,EMRO,REPORTING,10/18/2022,3748571,2012767,73.481,39.455,1776973,34.833,,2/2/2021,10,336967,6.605
Saba,XCA,AMRO,REPORTING,6/2/2023,4979,1687,257.579,87.274,1667,86.239,,,,1170,60.528
San Marino,SMR,EURO,REPORTING,5/22/2022,69338,26357,204.3,78.105,23633,70.033,,2/24/2021,2,19348,57.335
South Sudan,SSD,AFRO,REPORTING,9/17/2023,4337580,4287160,38.75,38.3,4245286,37.926,,4/6/2021,2,441214,3.942
Tajikistan,TJK,EURO,REPORTING,12/4/2022,18871161,5311967,197.9,54.481,5170582,53.031,,3/24/2021,6,5200841,53.342
Turks and Caicos Islands,TCA,AMRO,REPORTING,6/2/2023,73907,32815,190.885,84.754,30710,79.317,,1/11/2021,1,7443,19.224
Thailand,THA,SEARO,REPORTING,6/23/2023,139279946,57652499,199.542,82.597,54181443,77.624,,2/28/2021,8,27446004,39.321
The United Kingdom,GBR,EURO,REPORTING,9/11/2022,151248820,53813491,222.8,79.983,50762968,75.449,,12/21/2020,3,,
Turkey,TUR,EURO,REPORTING,1/29/2023,139694693,50974980,,60.735,50670345,59.77,,,3,27896331,32.906
Afghanistan,AFG,EMRO,REPORTING,9/17/2023,21466978,18077115,55.145,46.437,17299194,44.439,,2/22/2021,11,2314208,5.945
Burundi,BDI,AFRO,REPORTING,8/27/2023,41426,36909,0.348,0.31,36321,0.305,,10/18/2021,1,314,0.003
Cabo Verde,CPV,AFRO,REPORTING,9/25/2022,859940,356734,154.669,64.162,308720,55.526,,3/18/2021,4,749,0.135
Cayman Islands,CYM,AMRO,REPORTING,6/2/2023,151822,62085,231.013,94.469,60664,92.307,,1/15/2021,1,24064,36.616
Falkland Islands (Malvinas),FLK,AMRO,REPORTING,6/21/2022,9390,3220,269.595,92.449,2976,85.444,,,1,2543,73.012
Faroe Islands,FRO,EURO,OWID,2/18/2022,103894,41715,212.614,85.368,40895,83.69,,,2,21284,43.557
France,FRA,EURO,REPORTING,6/11/2023,158038124,54676037,234.8,80.558,53187210,78.364,,12/23/2020,9,41038200,60.464
Italy,ITA,EURO,REPORTING,6/11/2023,150317622,50581051,252,85.691,49484229,83.829,,12/23/2020,9,44916242,76.09
Kiribati,KIR,WPRO,REPORTING,2/6/2023,219980,100900,184.162,84.471,81474,68.208,,5/26/2021,2,37606,31.483
Nauru,NRU,WPRO,REPORTING,2/20/2023,32157,13106,296.816,120.971,11346,104.726,,4/9/2021,2,7705,71.119
New Zealand,NZL,WPRO,REPORTING,4/21/2023,12252378,4241210,254.081,87.951,4084115,84.693,,2/19/2021,4,2719283,56.391
Nicaragua,NIC,AMRO,REPORTING,6/2/2023,15498213,6404524,233.951,96.679,6117158,92.341,,3/3/2021,11,2892531,43.664
Palau,PLW,WPRO,REPORTING,3/10/2023,51032,18573,282.069,102.659,18278,101.028,,1/3/2021,3,12885,71.219
Paraguay,PRY,AMRO,REPORTING,6/2/2023,9784169,3995915,137.177,56.024,3547736,49.74,,2/22/2021,8,1660692,23.283
Philippines,PHL,WPRO,REPORTING,3/19/2023,189317158,82684774,172.764,75.455,78443972,71.585,,3/1/2021,11,23811248,21.729
Pitcairn Islands,PCN,WPRO,REPORTING,8/29/2022,117,47,234,94,47,94,,5/17/2021,1,23,46
Republic of Korea,KOR,WPRO,REPORTING,9/4/2023,135927574,44698288,265.125,87.184,44288342,86.384,,2/26/2021,5,33644119,65.622
Russian Federation,RUS,EURO,OWID,7/5/2023,186692479,88811982,127.9,61.206,79702396,54.928,,,2,,
Samoa,WSM,WPRO,REPORTING,2/24/2023,453130,191403,228.376,96.466,177954,89.688,,4/18/2021,2,82268,41.463
Sierra Leone,SLE,AFRO,REPORTING,7/30/2023,9155936,5676123,114.779,71.156,4961886,62.203,,3/15/2021,2,1201709,15.065
Singapore,SGP,WPRO,REPORTING,8/29/2023,15302530,5284679,261.566,90.331,5248693,89.716,,12/30/2020,4,4769158,81.519
Sint Eustatius,XBA,AMRO,REPORTING,6/2/2023,4319,1791,137.592,57.056,1686,53.711,,,,767,24.435
Spain,ESP,EURO,REPORTING,6/11/2023,112837406,41328627,238.4,87.131,37483217,79.024,,12/30/2020,4,26563654,56.003
Switzerland,CHE,EURO,REPORTING,6/11/2023,16755470,6096586,193.6,70.145,5723015,65.847,,12/23/2020,6,4996200,57.484
Syrian Arab Republic,SYR,EMRO,REPORTING,4/18/2023,5090630,3295630,29.088,18.831,2358365,13.476,,4/1/2021,11,75881,0.434
Timor-Leste,TLS,SEARO,REPORTING,6/26/2023,2019384,884194,153.164,67.063,799627,60.649,,4/7/2021,4,335563,25.451
Viet Nam,VNM,WPRO,REPORTING,6/30/2023,266492149,90272853,273.779,92.741,85961564,88.312,,3/8/2021,6,57975220,59.56
Azerbaijan,AZE,EURO,REPORTING,6/11/2023,13825256,5434679,136.4,52.697,4887727,47.394,,1/20/2021,5,3502852,33.965
Belgium,BEL,EURO,REPORTING,6/11/2023,29118547,9254386,252.7,79.658,9158159,78.83,,12/30/2020,4,7244723,62.36
Bhutan,BTN,SEARO,REPORTING,10/30/2022,2011426,699116,260.68,90.605,677669,87.826,,3/27/2021,5,634641,82.249
Bosnia and Herzegovina,BIH,EURO,REPORTING,1/29/2022,1924950,943394,,28.842,846080,25.867,,,4,,
China,CHN,WPRO,REPORTING,4/20/2023,3516880717,1318026807,239.034,89.583,1284479582,87.303,,7/22/2020,8,834060133,56.689
Cook Islands,COK,WPRO,REPORTING,1/31/2023,40080,15112,228.194,86.04,14728,83.853,,5/17/2021,1,10240,58.301
Czechia,CZE,EURO,REPORTING,6/11/2023,18614714,6972162,174.1,66.296,6887894,65.495,,12/23/2020,9,4365749,41.513
Djibouti,DJI,EMRO,REPORTING,4/18/2023,392703,372077,39.747,37.66,351712,35.598,,3/15/2021,11,,
Dominican Republic,DOM,AMRO,REPORTING,6/2/2023,15972891,7322815,147.244,67.504,6095810,56.193,,2/16/2021,5,2554266,23.546
Germany,DEU,EURO,REPORTING,6/11/2023,193234743,64867580,232.3,77.931,63564568,76.366,,12/23/2020,9,52142370,62.643
Gibraltar,GIB,EURO,OWID,12/16/2022,132810,42175,394.2,125.182,41465,123.074,,,2,49170,145.944
Guatemala,GTM,AMRO,REPORTING,6/2/2023,20370595,8935137,113.703,49.874,7127944,39.786,,2/25/2021,5,3719543,20.762
Israel,ISR,EURO,REPORTING,6/5/2022,17915305,7055466,207,79.274,6385731,71.749,,12/16/2020,3,4474108,50.271
Kazakhstan,KAZ,EURO,REPORTING,4/30/2023,38355605,12443364,204.3,64.821,13070774,68.089,,4/7/2021,5,6801526,35.431
Kuwait,KWT,EMRO,REPORTING,9/17/2023,8261007,3457404,193.44,80.959,3346074,78.352,,12/28/2020,10,1457529,34.13
Lao People's Democratic Republic,LAO,WPRO,REPORTING,5/21/2023,13879410,6324678,190.768,86.93,5691962,78.234,,11/25/2020,8,2451034,33.689
Micronesia (Federated States of),FSM,WPRO,REPORTING,3/28/2023,198749,83871,172.791,72.917,80910,70.342,,1/13/2021,4,30537,26.549
Rwanda,RWA,AFRO,REPORTING,6/4/2023,27322059,10884714,210.945,84.037,10399665,80.293,,3/5/2021,7,4225194,32.621
"Saint Helena, Ascension and Tristan da Cunha",SHN,AFRO,OWID,5/5/2021,7892,4361,129.995,71.833,3531,58.162,,,1,,
Saint Lucia,LCA,AMRO,REPORTING,6/2/2023,122977,60140,66.971,32.751,54971,29.936,,2/17/2021,5,7866,4.284
Serbia,SRB,EURO,REPORTING,3/5/2023,6722671,3398116,97.1,46.57,3324555,45.562,,12/23/2020,5,0,0
Sweden,SWE,EURO,REPORTING,6/11/2023,23226250,7470582,224.9,71.473,7332983,70.156,,12/23/2020,5,5541390,53.016
Tuvalu,TUV,WPRO,REPORTING,2/1/2023,26783,9763,227.129,82.793,9505,80.605,,4/13/2021,1,5745,48.719
